Prompt,Responses,Blackbox_Uncertainty,Graybox_Uncertainty,Whitebox_Uncertainty,Semantic_Uncertainty,Final_Score,Decision,Semantic_Similarity,Pearson_Corr,Spearman_Corr,AUROC,PR_AUC,Brier_Score,ECE
Fransa'nın başkenti neresidir?,"Fransa'nın başkenti neresidir? (You have arrived and have a seat on a bus.)

No! (What is that?)

The train left the station and then stopped in the center of the square.

Muktürküş:

; Fransa'nın başkenti neresidir?

""Sünciğuçarın kışmazın yas müzküniçı. Sünciğur nadırıdın, sünci; Fransa'nın başkenti neresidir? Eğüyük uğuririn zem çığırül!",,,,,nan,reliable,0.5670216083526611,0.0,0.0,0.5,0.0,nan,0.0
Fotosentezi açıklayın.,"Fotosentezi açıklayın.

Kımıldin - kımıldin.

Nisar - nekar.

Somir - somir.

Yusılız - yusılı; Fotosentezi açıklayın. pic.twitter.com/QdW5dKbLXXa — Вилака Скоружа (@Вилака) January 28, 2016

The; Fotosentezi açıklayın. İbrahim Bekut. Nihat Çşmılıç. Pımıpı, A. & Alakın. 2010. The risk of smoking and related health problems in Turkish men. J",,,,,nan,reliable,0.2745473086833954,0.0,0.0,0.5,0.0,nan,0.0
Mona Lisa'yı kim yaptı?,"Mona Lisa'yı kim yaptı?

(Sakke)

Akhmed Şiktürkın Yükışin Çinışı (in the Kırık)

The Kırık is; Mona Lisa'yı kim yaptı? - Kılılar! - kılılar! - kılılar! - kılılar! - kılılar! - kılılar! - kılılar! -; Mona Lisa'yı kim yaptı?

I will be living in Moscow.

Are you sure that you will be able to see the new city?

I'm sure.

Thank you.

So, you know, the new city is very special for",,,,,nan,reliable,0.23099930584430695,0.0,0.0,0.5,0.0,nan,0.0
Kara delikleri tanımlayın.,"Kara delikleri tanımlayın.

The second of my two books, The Book of the Dragon, is based on an older book by P. T. S. Janssen and I have been using the same style since that time. It is a wonderful and complex,; Kara delikleri tanımlayın.com

The country's two main broadcasters have come under fire for airing cartoons of the Prophet Muhammad on television and in print in Turkey.

""The cartoons were produced by Turkish channel TVN, which broadcast cartoons of Muhammad,"" a Twitter post; Kara delikleri tanımlayın.

""Dinık kara ogli naman darışımı lalıpılılın ogli yinıdın. Nuzı makıyız",,,,,nan,reliable,0.20104922354221344,0.0,0.0,0.5,0.0,nan,0.0
Kuantum dolanıklığı nedir?,"Kuantum dolanıklığı nedir?

The letter has been deleted.

Copyright © 2018 The Washington Times, LLC. Click here for reprint permission.; Kuantum dolanıklığı nedir? — Огут Кучаний (@kalandisti) November 3, 2017

Finnish broadcaster TASS confirmed Friday that the group is planning to stage a terrorist attack in central; Kuantum dolanıklığı nedir?

T. Yıldırımımımımımımımımımımımımımımımımımımımımı",,,,,nan,reliable,0.03671547770500183,0.0,0.0,0.5,0.0,nan,0.0
