Prompt,Responses,Blackbox,Graybox,Whitebox,Semantic,Final_Score,Decision,Semantic_Similarity,Label,Pearson,Spearman,AUROC,PR_AUC,Brier,ECE
What is the capital of France?,"What is the capital of France?

The stock markets are a vast range of countries. In the US, the market is the largest market for the world’s first fully owned, fully owned, multi-national.

The capital of France is located in the United States || What is the capital of France?

What is the capital of France?

It is a capital that has to be in the form of a capital. It is a capital that has to be in the form of a capital. It is a capital that has to be in || What is the capital of France?
-4.9
What is the next term in -583, -1583, -2283?
-2367
What is next in -5, 6, 17, 36, 67, 98, 61?
- || What is the capital of France?

The debt crisis that’s the most acute is due to a rise in debt. It’s the most acute of the crises that have taken place in the last two years, and it’s caused by a recession that has resulted in || What is the capital of France?

""The capital of France is that of France and, in Europe, the English are the centre of the world. It is in this, in this, in the course of a century, where the people are a part of the world.""",,,,,0.0,hallucination,0.5003011226654053,1,0.0,0.0,0.5,0.9,0.8,0.8
Explain photosynthesis.,"Explain photosynthesis.

The first part of the synthesis was in the presence of light from a well-known source, A and C, at a temperature of about 0.4°C. The light from the well-known source was at about 3.5 || Explain photosynthesis.

With the new generation of 3D printing, 3D printing is now the biggest selling point of everything from the new to the new, and as the number of people around the world has grown to almost 60% in the past few years, || Explain photosynthesis. In addition, a low-level fermentation is required in order to remove a wide range of environmental stresses from the soil. To produce this, the use of small volumes of concentrated organic matter (such as acid rain) is well suited for the production of || Explain photosynthesis.

As a part of our research, we started off with a discussion of the importance of phototrophin and its interaction with the photosynthetic machinery, namely the green-star, chlorophyll and the chlorophyll of plants. We then conducted || Explain photosynthesis. The whole population, however, was much larger than the one the authors found. This is because the high-dose toxicity of the extract, which is the most frequent type of toxicity, is likely to have a high impact on the survival of the human",,,,,0.0,hallucination,0.5529437065124512,1,0.0,0.0,0.5,0.9,0.8,0.8
Who painted the Mona Lisa?,"Who painted the Mona Lisa?

Trying to make up stories? I got a bunch of a whole bunch of silly stories that I have to try and make out what I am doing.

The Mona Lisa?

The story of a lost work and the || Who painted the Mona Lisa?

My beloved lover, I, who has been so long, for the same reason.

The house, with its golden-brown leaves, is a great gift for me. I must not be caught in the wind of life.
 || Who painted the Mona Lisa? I didn't know who she was wearing.

""Maybe she was a little bit...""

""Rachel?""

""No.""

""Rachel?""

""You're not an idiot.""

""She was || Who painted the Mona Lisa?

Then, how many times did you tell your friends?

In this way, you know what you’ve got to do.

Here’s what you need to know:

In this way, you don’t || Who painted the Mona Lisa?

A woman named Ma’adora (who was once called the “Lisa”) who was the only woman in the world. She was a

very cute girl and she was the only woman in the world who was a good girl",,,,,0.0,hallucination,0.22116124629974365,1,0.0,0.0,0.5,0.9,0.8,0.8
Define black holes.,"Define black holes.

We have the following:

$m = \frac{1}{m} \left( \frac{2\pi^2}{N} \right) \frac{\pi^2}{N} \left[ \frac || Define black holes.

In order to get rid of this problem, I was trying to create a new instance of this class in .NET that would be able to store the hole in the slot for a particular slot. The problem was that the hole is the same || Define black holes.

The question here is how do you connect the dots and find the solutions to the problems you have in your computer?

A:

I think that you are misunderstanding the fact that you have to be a machine in a computer, || Define black holes.

I have a long list of places to visit to, not all of them. They look like you guys. There are a couple of things I’m interested in and they do all of the same things. There are places where you get || Define black holes.

On the other hand, there are many new holes that are not visible when they appear. For instance, one of these is a black hole that has a hole that is still visible in the sky.

The origin of these holes is",,,,,0.0,hallucination,0.63148033618927,1,0.0,0.0,0.5,0.9,0.8,0.8
What is quantum entanglement?,"What is quantum entanglement?

The energy of the quantum interaction between the two quantum wells and the one-well is:

The energy of the second and the energy of the three-well is:

The energy of the first and the energy of the two || What is quantum entanglement?

A:

The second most basic question is, how can I know which of the three are in the quantum computing context? It depends on what we know and what we know from what we are doing. 
To answer this question || What is quantum entanglement?

A:

The only possible reason why the answer is the same is that there are no real numbers on the quantum computers that have a negative energy per qubit. If you want to measure this, you can write a quantum-theoretic || What is quantum entanglement?
What is the quantum numbers of a quantum system?

The quantum numbers of the system of equations are known to be of finite value, but there are many unknowns that the number of possible states in a quantum system is not known, and || What is quantum entanglement?
-Ji
m^2
What is the probability to have a quantum number $p$ with $\sigma(p)=1/p$ for any $p\geq 0$.

The quantum number $p$ has been defined",,,,,0.0,hallucination,0.7155274152755737,0,0.0,0.0,0.5,0.9,0.8,0.8
